"0","#Boxplot"
"0","ggplot(female_rating, aes(x = age_group, y = rating, fill = age_group)) +"
"0","  geom_boxplot() +"
"0","  scale_fill_manual(values = c(""rosybrown"", ""skyblue4"", ""darkseagreen"", ""goldenrod1"", ""azure3"", ""indianred3"")) +"
"0","  labs("
"0","    title = ""Do Younger Females Leave Higher Ratings?"","
"0","    caption = ""Data source: Harry Potter Reviews by Marc Paulo in Kaggle"","
"0","    x = ""User's Age Group"","
"0","    y = ""Rating"","
"0","    fill = ""Age Group"""
"0","  )"
