{"chunk_definitions":[{"row":9,"row_count":1,"visible":true,"expansion_state":0,"options":{"engine":"r","eval":true,"message":false,"results":"hide","label":"unnamed-chunk-1","dev":"png"},"document_id":"90874483","chunk_id":"c0xmml88b372a","chunk_label":"unnamed-chunk-1"},{"row":38,"row_count":1,"visible":true,"expansion_state":0,"options":{"engine":"r","message":false,"warning":false,"include":false,"results":"hide","label":"unnamed-chunk-3","dev":"png"},"document_id":"09C00616","chunk_id":"cpolyqvn8zyf2","chunk_label":"unnamed-chunk-2"},{"row":42,"row_count":1,"visible":true,"expansion_state":0,"options":{"engine":"r","label":"unnamed-chunk-4","dev":"png"},"document_id":"09C00616","chunk_id":"cdssfpy581wve","chunk_label":"Dataset"},{"row":62,"row_count":1,"visible":true,"expansion_state":0,"options":{"engine":"r","label":"Graph1","dev":"png"},"document_id":"90874483","chunk_id":"csgh9mcre4l9v","chunk_label":"Graph1"},{"row":81,"row_count":1,"visible":true,"expansion_state":0,"options":{"engine":"r","label":"unnamed-chunk-11","dev":"png"},"document_id":"09C00616","chunk_id":"cq0v4g4cj28ow","chunk_label":"unnamed-chunk-3"},{"row":96,"row_count":1,"visible":true,"expansion_state":0,"options":{"engine":"r","label":"Graph2","dev":"png"},"document_id":"09C00616","chunk_id":"clbhaqs9viz4t","chunk_label":"Graph2"}],"doc_write_time":1745005926}